{"cameraMode":{"drawMode":0,"name":"Shaded","section":"Shading Mode"},"sceneLighting":true,"audioPlay":false,"sceneViewState":{"showFog":true,"showMaterialUpdate":false,"showSkybox":true,"showFlares":true,"showImageEffects":true,"showParticleSystems":true,"showVisualEffectGraphs":true,"m_FxEnabled":true},"in2DMode":false,"pivot":{"x":0.08082842826843262,"y":4.867178916931152,"z":-0.03265964984893799},"rotation":{"x":-0.13755562901496888,"y":-0.010106614790856839,"z":0.00140360405202955,"w":-0.9904438257217407},"size":4.413259983062744,"orthographic":false}